Pub Med ID,Clinical Trial ID,Phase
30738380,None,Not Found
31264510,NCT02418819,Phase 1
25822479,None,Not Found
26016467,None,Not Found
17628435,None,Not Found
27371157,NCT00825539,Phase 2
9442338,None,Not Found
33691517,None,Not Found
8905533,None,Not Found
23968123,None,Not Found
24419307,NCT01556763,Phase 1
16754836,None,Not Found
20728875,NCT00100165,Phase 2
19637398,None,Not Found
20033907,None,Not Found
19956085,None,Not Found
18381905,NCT00100165,Phase 2
26900078,None,Not Found
23303043,None,Not Found
11343682,None,Not Found
24549101,None,Not Found
26940805,None,Not Found
9718289,None,Not Found
15474895,None,Not Found
1715608,None,Not Found
17728426,None,Not Found
19366489,None,Not Found
21068719,None,Not Found
25438724,None,Not Found
16154544,None,Not Found
25363835,None,Not Found
27613505,None,Not Found
3310672,None,Not Found
25953357,None,Not Found
21145041,NCT00505076,Phase 2
24114425,None,Not Found
23342824,None,Not Found
28252452,None,Not Found
32349117,None,Not Found
22952075,NCT00435370,Phase 3
26834462,None,Not Found
16300872,None,Not Found
27565651,None,Not Found
28838583,NCT01149655,Phase 3
28478771,NCT01104766,Phase 3
27543252,NCT00523445,Phase 3
25981348,None,Not Found
27427558,NCT01412060,Phase 3
33138708,NCT01456936,Phase 4
24096218,None,Not Found
19238124,None,Not Found
16810506,None,Not Found
21723096,None,Not Found
18765484,NCT00102063,Phase 3
21432752,None,Not Found
19512978,None,Not Found
24412468,NCT00694707,Phase 2
20817153,NCT00864123,Phase 2
1679338,None,Not Found
16237386,None,Not Found
20562170,None,Not Found
10553752,None,Not Found
19387614,None,Not Found
25056368,None,Not Found
26730716,NCT00802919,Phase 4
27807604,None,Not Found
21062637,None,Not Found
22048460,NCT00523445,Phase 3
24923986,None,Not Found
32297486,NCT01456897,Phase 3
21810630,NCT00492349,Phase 4
30695290,NCT01412060,Phase 3
21616975,None,Not Found
18848860,None,Not Found
35012696,None,Not Found
26075487,None,Not Found
19302829,None,Not Found
21105281,None,Not Found
16723179,None,Not Found
22198450,None,Not Found
16140281,None,Not Found
15023571,None,Not Found
19451828,None,Not Found
7541598,None,Not Found
14609439,None,Not Found
1348584,None,Not Found
8102048,None,Not Found
19386475,None,Not Found
29619682,None,Not Found
12084415,None,Not Found
8944393,None,Not Found
10071726,None,Not Found
11720694,None,Not Found
15061240,None,Not Found
22697189,NCT00705783,Phase 3
9466160,None,Not Found
7625475,None,Not Found
9564205,None,Not Found
15502972,None,Not Found
32868522,None,Not Found
12860772,None,Not Found
28558941,None,Not Found
9892252,None,Not Found
18597078,None,Not Found
28215471,None,Not Found
31688449,None,Not Found
16766110,None,Not Found
22729212,None,Not Found
23609378,None,Not Found
7870880,None,Not Found
17728427,None,Not Found
34861170,NCT02970305,Phase 2
23523692,NCT00506077,Phase 2
19907417,None,Not Found
36190440,NCT02970305,Phase 2
22954754,None,Not Found
34404290,None,Not Found
23764683,NCT00565175,Phase 4
24844747,None,Not Found
3977547,None,Not Found
36528376,NCT04136873,Phase 1
31913424,NCT02282761,Phase 3
30177236,NCT02942004,Phase 3
29853841,None,Not Found
33203954,NCT02720263,Phase 1
26922656,None,Not Found
32015461,None,Not Found
34667261,None,Not Found
24434091,NCT00535574,Phase 3
34023797,None,Not Found
20171784,None,Not Found
28196430,None,Not Found
29096426,None,Not Found
34826568,None,Not Found
23768813,None,Not Found
33857028,None,Not Found
21537940,None,Not Found
10583700,None,Not Found
25030803,None,Not Found
26187147,None,Not Found
32851421,None,Not Found
26069170,None,Not Found
20615931,None,Not Found
15689961,None,Not Found
24741050,None,Not Found
19369910,None,Not Found
30758327,None,Not Found
24154667,None,Not Found
35231791,None,Not Found
36182772,None,Not Found
25829142,None,Not Found
11685384,None,Not Found
26444072,NCT01499563,Phase 2
19074541,None,Not Found
21903021,NCT01041092,Phase 4
20541910,None,Not Found
11278160,None,Not Found
21185903,None,Not Found
32215727,None,Not Found
24705203,None,Not Found
25245814,None,Not Found
15705007,None,Not Found
32964381,None,Not Found
26591005,NCT01573637,Phase 3
32203751,None,Not Found
25497439,None,Not Found
30920339,None,Not Found
18554876,None,Not Found
29415258,NCT01397786,Phase 3
18176855,None,Not Found
29507283,None,Not Found
33245168,None,Not Found
27438995,NCT00361543,Phase 4
15358980,None,Not Found
29050384,None,Not Found
22766391,NCT01137799,Phase 1
20219638,None,Not Found
35781191,None,Not Found
35704951,NCT03793712,Phase 2
30167782,NCT015736370,Not Found
28106314,None,Not Found
18303489,None,Not Found
30790597,None,Not Found
16923324,None,Not Found
21733283,NCT00215904,Phase 4
35470551,None,Not Found
11593073,None,Not Found
33170261,None,Not Found
22036036,None,Not Found
22795211,NCT00138775,Phase 2
10633486,None,Not Found
32436761,NCT02906553,Not Found
34512748,None,Not Found
25012765,None,Not Found
29878280,None,Not Found
17283283,None,Not Found
26501260,NCT01503359,Phase 2
10711913,None,Not Found
25315856,None,Not Found
15886721,None,Not Found
18550339,None,Not Found
27330977,None,Not Found
10432467,None,Not Found
17487227,None,Not Found
24717936,None,Not Found
36206872,None,Not Found
18761134,None,Not Found
24013610,None,Not Found
22008251,None,Not Found
11809515,None,Not Found
26506383,None,Not Found
28141622,None,Not Found
21643673,None,Not Found
8526975,None,Not Found
16012280,None,Not Found
15538593,None,Not Found
19339966,None,Not Found
15725422,None,Not Found
15936511,None,Not Found
16313986,None,Not Found
10696831,None,Not Found
17119538,None,Not Found
10463312,None,Not Found
12107618,None,Not Found
12413639,None,Not Found
26270797,None,Not Found
31595302,None,Not Found
27138794,None,Not Found
26360284,NCT0082620,Not Found
18978489,None,Not Found
27842943,None,Not Found
27477494,None,Not Found
35042948,None,Not Found
24342775,NCT01041092,Phase 4
27913408,NCT01474395,Phase 2
28193583,None,Not Found
34653398,None,Not Found
21603892,None,Not Found
34667294,None,Not Found
33630646,None,Not Found
28711472,None,Not Found
19527763,None,Not Found
28654095,None,Not Found
28687908,None,Not Found
16012281,None,Not Found
11377920,None,Not Found
29101022,None,Not Found
23842608,None,Not Found
23052568,None,Not Found
20817483,None,Not Found
17250777,None,Not Found
20012022,None,Not Found
26303936,None,Not Found
26226350,None,Not Found
28431278,None,Not Found
21742012,None,Not Found
17987059,None,Not Found
11924884,None,Not Found
11728834,None,Not Found
17611739,None,Not Found
25196041,None,Not Found
11750186,None,Not Found
17986678,NCT00176423,Phase 4
18325740,None,Not Found
11163779,None,Not Found
21245085,None,Not Found
25143294,None,Not Found
26995794,None,Not Found
22517190,None,Not Found
17632223,None,Not Found
10847313,None,Not Found
30299258,None,Not Found
21112185,None,Not Found
16401651,None,Not Found
12233984,None,Not Found
17029303,None,Not Found
2886223,None,Not Found
18156639,None,Not Found
26150070,None,Not Found
14643080,None,Not Found
7495922,None,Not Found
15721993,None,Not Found
22016254,None,Not Found
17628437,None,Not Found
12957701,None,Not Found
18343039,None,Not Found
18374542,None,Not Found
15196604,None,Not Found
8018584,None,Not Found
11072484,None,Not Found
19523690,None,Not Found
10087462,None,Not Found
17467954,None,Not Found
17076053,None,Not Found
17151158,None,Not Found
10831024,None,Not Found
21515531,None,Not Found
23358230,None,Not Found
1469,None,Not Found
25491704,None,Not Found
28610482,None,Not Found
16571367,None,Not Found
7916540,None,Not Found
28126031,None,Not Found
9990561,None,Not Found
11354586,None,Not Found
18828933,None,Not Found
15288710,None,Not Found
7713856,None,Not Found
9492961,None,Not Found
23018547,NCT00329810,Phase 4
31549622,None,Not Found
25012994,NCT01314001,Phase 3
7041516,None,Not Found
33608711,None,Not Found
41455,None,Not Found
1321449,None,Not Found
22318691,None,Not Found
20417059,None,Not Found
24485587,None,Not Found
25017614,None,Not Found
28701225,None,Not Found
23325325,None,Not Found
27941358,None,Not Found
25934131,NCT02210962,Phase 4
19195842,None,Not Found
30921099,None,Not Found
6399250,None,Not Found
26306650,NCT01503359,Phase 2
25563714,NCT02074319,Phase 1
21475970,None,Not Found
23318559,NCT00332124,Phase 1
22483162,NCT00864825,Phase 4
19864122,None,Not Found
23782463,NCT01602029,Phase 2
7040274,None,Not Found
8942463,None,Not Found
28338977,None,Not Found
16600583,None,Not Found
20080396,None,Not Found
18094668,None,Not Found
14967189,None,Not Found
15694232,None,Not Found
33257661,None,Not Found
18799288,None,Not Found
16160711,None,Not Found
17419010,None,Not Found
15554580,None,Not Found
17898352,NCT00222235,Phase 3
1449383,None,Not Found
25261882,None,Not Found
11870017,None,Not Found
8879463,None,Not Found
8317948,None,Not Found
15380405,None,Not Found
9582997,None,Not Found
9821558,None,Not Found
11969317,None,Not Found
25681529,None,Not Found
9408913,None,Not Found
8889288,None,Not Found
1773245,None,Not Found
30721993,None,Not Found
1974941,None,Not Found
23706623,None,Not Found
8888117,None,Not Found
2565585,None,Not Found
15708298,None,Not Found
2480613,None,Not Found
9396015,None,Not Found
10704956,None,Not Found
10432468,None,Not Found
9088881,None,Not Found
10878501,None,Not Found
16189748,None,Not Found
2551397,None,Not Found
146524,None,Not Found
15246460,None,Not Found
15506622,None,Not Found
7961576,None,Not Found
33626254,NCT03697252,Phase 2
32294346,NCT02969382,Phase 2
9875725,None,Not Found
35191924,NCT04276883,Phase 3
28601891,NCT01845259,Phase 2
36198061,NCT04268303,Phase 3
2869745,None,Not Found
30355445,NCT02451072,Not Found
32893328,None,Not Found
28825423,NCT01400477,Phase 2
18593778,None,Not Found
34996406,None,Not Found
21173788,None,Not Found
28590364,None,Not Found
26071208,None,Not Found
36066977,NCT03232112,Phase 2
33308348,None,Not Found
35921506,NCT01320982,Phase 3
26966119,None,Not Found
28922590,NCT01678755,Phase 2
26089183,None,Not Found
25028065,None,Not Found
1581424,None,Not Found
27717222,NCT01794429,Phase 3
25006819,NCT01452919,Phase 3
26018529,None,Not Found
18548234,None,Not Found
20571979,None,Not Found
22750632,None,Not Found
27319970,NCT01655680,Phase 2
21220791,None,Not Found
17467956,None,Not Found
35277995,NCT02748694,Phase 1
22926591,None,Not Found
17596915,None,Not Found
33879769,None,Not Found
30633660,None,Not Found
29338621,None,Not Found
16005384,None,Not Found
22727707,None,Not Found
19223439,None,Not Found
119270,None,Not Found
30797222,None,Not Found
6372924,None,Not Found
23399382,None,Not Found
28318835,NCT00322023,Phase 2
14720317,None,Not Found
9088887,None,Not Found
2404964,None,Not Found
28117049,NCT01192880,Phase 3
29181816,None,Not Found
9836012,None,Not Found
26518728,None,Not Found
36414626,NCT03697252,Phase 2
29699895,None,Not Found
19713300,None,Not Found
36797233,None,Not Found
25881753,None,Not Found
19440071,None,Not Found
1099172,None,Not Found
24106334,None,Not Found
36584503,None,Not Found
15729086,None,Not Found
17443126,None,Not Found
19887019,NCT00491569,Phase 2
25539791,NCT01086748,Phase 2
27805978,None,Not Found
22425471,None,Not Found
28541645,NCT01280305,Phase 3
33373806,None,Not Found
23137805,None,Not Found
18923067,NCT00129441,Phase 2
28260235,NCT01794429,Phase 3
22088556,None,Not Found
25382826,None,Not Found
12472985,None,Not Found
25074637,None,Not Found
32450497,NCT02194933,Phase 3
8981389,None,Not Found
19440079,None,Not Found
18096137,NCT00124683,Phase 2
20226539,None,Not Found
15780844,None,Not Found
11579010,None,Not Found
23239133,None,Not Found
25679135,None,Not Found
21508856,None,Not Found
11522468,None,Not Found
23422399,NCT00727103,Phase 4
24401727,NCT01794429,Phase 3
1684439,None,Not Found
21346734,NCT00158223,Phase 4
34751928,NCT0296938,Not Found
20130535,None,Not Found
31101513,None,Not Found
24022237,None,Not Found
32513424,None,Not Found
7932282,None,Not Found
17299516,None,Not Found
23081705,None,Not Found
1358231,None,Not Found
24613032,NCT00265551,Phase 2
2906947,None,Not Found
15138435,None,Not Found
11806864,None,Not Found
8830068,None,Not Found
15817136,None,Not Found
20363089,None,Not Found
24035403,None,Not Found
22697191,NCT00644969,Phase 3
33932162,None,Not Found
35438304,None,Not Found
24418213,None,Not Found
29901250,None,Not Found
11236073,None,Not Found
7916543,None,Not Found
17306313,None,Not Found
24655473,NCT01979796,Not Found
22645252,None,Not Found
1411327,None,Not Found
29194917,None,Not Found
1332094,None,Not Found
21847569,None,Not Found
23756608,None,Not Found
10849191,None,Not Found
24667381,NCT01845259,Phase 2
27956009,None,Not Found
2853397,None,Not Found
32403118,None,Not Found
10784481,None,Not Found
17767166,None,Not Found
22341370,None,Not Found
33501595,None,Not Found
15602112,None,Not Found
1751620,None,Not Found
24399553,NCT00621777,Phase 4
8343034,None,Not Found
16123739,None,Not Found
2576322,None,Not Found
14732596,None,Not Found
23694720,None,Not Found
15677609,None,Not Found
103114,None,Not Found
28984746,None,Not Found
12727131,None,Not Found
9050126,None,Not Found
20495134,None,Not Found
15232337,None,Not Found
20860881,None,Not Found
18480682,None,Not Found
15050867,None,Not Found
12372663,None,Not Found
11763004,None,Not Found
347574,None,Not Found
36104267,None,Not Found
16275807,None,Not Found
16780811,None,Not Found
11166518,None,Not Found
18272020,None,Not Found
18649072,None,Not Found
26839321,None,Not Found
11904128,None,Not Found
22153972,None,Not Found
23059159,NCT00567710,Phase 2
16192841,None,Not Found
7831445,None,Not Found
9193736,None,Not Found
2884555,None,Not Found
11302566,None,Not Found
8959286,None,Not Found
3034188,None,Not Found
21346001,None,Not Found
11769825,None,Not Found
9169302,None,Not Found
30374965,None,Not Found
23145385,None,Not Found
9952072,None,Not Found
209757,None,Not Found
21901316,None,Not Found
15309376,None,Not Found
22030715,None,Not Found
23661634,None,Not Found
19959243,None,Not Found
18506387,None,Not Found
22167235,None,Not Found
10509182,None,Not Found
24099637,None,Not Found
16478755,None,Not Found
27028981,None,Not Found
14997272,None,Not Found
16342002,None,Not Found
8532820,None,Not Found
23936144,None,Not Found
21956447,None,Not Found
15358978,None,Not Found
23517178,None,Not Found
15983000,None,Not Found
8914115,None,Not Found
19304859,None,Not Found
9871845,None,Not Found
9160855,None,Not Found
30382354,None,Not Found
10187997,None,Not Found
19487625,None,Not Found
25315828,None,Not Found
29167877,NCT02134951,Phase 4
15173845,None,Not Found
23089076,NCT00268749,Phase 2
30306671,None,Not Found
19154656,None,Not Found
20921890,None,Not Found
31773210,None,Not Found
16603132,None,Not Found
24612097,NCT01785628,Not Found
9826114,None,Not Found
16806095,None,Not Found
30654644,None,Not Found
21315807,None,Not Found
32087425,None,Not Found
3517082,None,Not Found
31283908,None,Not Found
17952411,None,Not Found
19961902,None,Not Found
18037816,None,Not Found
19556112,None,Not Found
33196868,NCT00805454,Phase 1
18579575,None,Not Found
23744798,None,Not Found
7991724,None,Not Found
27237598,None,Not Found
18611293,None,Not Found
8968299,None,Not Found
8102552,None,Not Found
18261886,None,Not Found
23535252,None,Not Found
20973856,None,Not Found
8794491,None,Not Found
17976537,NCT00383747,Phase 4
29076028,NCT02068690,Phase 1
29846887,NCT02337283,Phase 1
29302713,None,Not Found
22451196,None,Not Found
15261701,None,Not Found
8888383,None,Not Found
15358983,None,Not Found
19026256,None,Not Found
3534900,None,Not Found
8731458,None,Not Found
8394651,None,Not Found
8642546,None,Not Found
3209717,None,Not Found
23785166,None,Not Found
15009821,None,Not Found
12212663,None,Not Found
16614537,None,Not Found
3049101,None,Not Found
10836287,None,Not Found
11814535,None,Not Found
15554771,None,Not Found
16195121,None,Not Found
9593104,None,Not Found
10367553,None,Not Found
10192823,None,Not Found
20643194,None,Not Found
9084066,None,Not Found
1681560,None,Not Found
9862082,None,Not Found
2574194,None,Not Found
8741023,None,Not Found
7831432,None,Not Found
8290671,None,Not Found
2643996,None,Not Found
1358119,None,Not Found
11817518,None,Not Found
15093958,None,Not Found
16896958,None,Not Found
32791894,None,Not Found
35211743,NCT03397134,Phase 3
33610228,NCT02832037,Phase 2
34015555,NCT02873208,Phase 3
32141723,NCT02634346,Phase 3
35422467,None,Not Found
16678390,None,Not Found
9193198,None,Not Found
30822774,None,Not Found
24525659,None,Not Found
15820238,None,Not Found
37596,None,Not Found
7527327,None,Not Found
15023570,None,Not Found
24516190,None,Not Found
25728831,NCT01009060,Phase 2
18801405,None,Not Found
18692175,None,Not Found
21346607,NCT00412620,Phase 2
30845818,NCT01903837,Phase 2
22299296,None,Not Found
10080558,None,Not Found
7902766,None,Not Found
22995972,NCT00728195,Phase 2
24215171,None,Not Found
23926573,None,Not Found
8584612,None,Not Found
21192149,None,Not Found
30359166,NCT01121042,Phase 3
15927092,None,Not Found
18789844,None,Not Found
10484947,None,Not Found
27048954,None,Not Found
19700263,None,Not Found
23768250,None,Not Found
32961542,None,Not Found
23754735,None,Not Found
23532746,NCT00827918,Phase 2
32340927,NCT03860597,Phase 4
12650957,None,Not Found
22020346,None,Not Found
23644161,None,Not Found
2886110,None,Not Found
11978847,None,Not Found
23571810,None,Not Found
21726104,None,Not Found
6134273,None,Not Found
14643092,None,Not Found
28556775,None,Not Found
28033691,None,Not Found
7520904,None,Not Found
25896256,None,Not Found
15169685,None,Not Found
2897959,None,Not Found
17464718,None,Not Found
17728110,None,Not Found
27940324,None,Not Found
10220013,None,Not Found
9617985,None,Not Found
21590281,None,Not Found
24089054,NCT00960219,Phase 2
10190222,None,Not Found
26343594,None,Not Found
15023569,None,Not Found
10518181,None,Not Found
26329382,None,Not Found
19005465,None,Not Found
15652874,None,Not Found
9260734,None,Not Found
22389244,None,Not Found
27776560,None,Not Found
22137462,None,Not Found
25980345,None,Not Found
20570110,None,Not Found
28425497,None,Not Found
32160422,NCT02161718,Phase 2
2149882,None,Not Found
29873956,None,Not Found
6791204,None,Not Found
18334909,None,Not Found
16034443,None,Not Found
9549958,None,Not Found
28398342,None,Not Found
15905072,None,Not Found
26819282,None,Not Found
21275080,None,Not Found
32393412,None,Not Found
18232726,NCT00179231,Not Found
22773165,None,Not Found
21302161,None,Not Found
23515583,None,Not Found
26691576,None,Not Found
9510219,None,Not Found
16959472,None,Not Found
14613676,None,Not Found
22290266,NCT00014001,Phase 4
18978498,None,Not Found
16086616,None,Not Found
19570929,None,Not Found
23012427,None,Not Found
8733795,None,Not Found
1978858,None,Not Found
11032974,None,Not Found
22717030,NCT00690170,Phase 1
29718385,None,Not Found
22750079,None,Not Found
11890187,None,Not Found
15721055,None,Not Found
29397899,None,Not Found
17570902,None,Not Found
2865252,None,Not Found
23375406,None,Not Found
15677607,None,Not Found
19906345,NCT00757978,Phase 4
10671405,None,Not Found
351804,None,Not Found
29499855,None,Not Found
24696094,NCT00616798,Phase 2
14634716,None,Not Found
30101,None,Not Found
23899638,None,Not Found
335903,None,Not Found
31876117,None,Not Found
29090685,None,Not Found
19542525,NCT00145444,Phase 3
29193710,None,Not Found
23099060,None,Not Found
6319107,None,Not Found
22809972,NCT00827840,Phase 4
17242805,None,Not Found
14645311,None,Not Found
23158779,None,Not Found
6138923,None,Not Found
19552488,None,Not Found
17519641,None,Not Found
23131879,None,Not Found
30449883,None,Not Found
8868206,None,Not Found
6266259,None,Not Found
11001233,None,Not Found
9474443,None,Not Found
30738698,None,Not Found
28839342,NCT02274558,Phase 3
16679001,None,Not Found
15840416,None,Not Found
8122957,None,Not Found
9325559,None,Not Found
28839341,NCT01688037,Phase 2
10319907,None,Not Found
7846205,None,Not Found
3662745,None,Not Found
860138,None,Not Found
7831446,None,Not Found
12478881,None,Not Found
568293,None,Not Found
12721815,None,Not Found
9197911,None,Not Found
19242406,None,Not Found
16870959,None,Not Found
12827347,None,Not Found
9260735,None,Not Found
28674870,NCT01392885,Not Found
14751424,None,Not Found
16123767,None,Not Found
25864950,None,Not Found
17374,None,Not Found
20727411,None,Not Found
8726548,None,Not Found
27789188,NCT01568216,Phase 2
9519099,None,Not Found
20737516,None,Not Found
16171976,None,Not Found
8923336,None,Not Found
18255098,None,Not Found
15893916,None,Not Found
20732371,None,Not Found
19831836,None,Not Found
7078714,None,Not Found
15099605,None,Not Found
15869707,None,Not Found
22094124,None,Not Found
23609382,None,Not Found
36874957,None,Not Found
24525661,NCT00725075,Phase 2
7612873,None,Not Found
9347382,None,Not Found
8829717,None,Not Found
19011427,None,Not Found
30357437,None,Not Found
15101567,None,Not Found
10448449,None,Not Found
30614850,None,Not Found
11552770,None,Not Found
10094133,None,Not Found
14618553,None,Not Found
17397098,None,Not Found
22189657,None,Not Found
32004636,None,Not Found
31185023,None,Not Found
2484825,None,Not Found
9778666,None,Not Found
17293085,None,Not Found
17360162,None,Not Found
6145176,None,Not Found
17049818,None,Not Found
8584611,None,Not Found
8828997,None,Not Found
9825168,None,Not Found
9829650,None,Not Found
17076934,None,Not Found
15560968,None,Not Found
16165104,None,Not Found
31234240,NCT01688037,Phase 2
1485530,None,Not Found
16194258,None,Not Found
7751433,None,Not Found
15710053,None,Not Found
19192440,NCT00740259,Phase 4
12920408,None,Not Found
15163444,None,Not Found
12413642,None,Not Found
9090331,None,Not Found
28232170,None,Not Found
10839333,None,Not Found
8584613,None,Not Found
25529756,None,Not Found
17077809,None,Not Found
12111340,None,Not Found
9448657,None,Not Found
9377587,None,Not Found
9347380,None,Not Found
10739409,None,Not Found
19794330,None,Not Found
27028980,NCT02222220,Phase 3
1103205,None,Not Found
1362205,None,Not Found
14599005,None,Not Found
11022399,None,Not Found
12177587,None,Not Found
22442101,None,Not Found
9611669,None,Not Found
9497016,None,Not Found
22814006,None,Not Found
24326395,None,Not Found
30136756,None,Not Found
23417515,NCT00818298,Not Found
22906553,None,Not Found
15643094,None,Not Found
23370794,None,Not Found
33961287,NCT03543410,Phase 2
23809226,None,Not Found
23591780,None,Not Found
3737785,None,Not Found
21890590,NCT00612079,Not Found
9169965,None,Not Found
25102328,None,Not Found
21121175,None,Not Found
12680744,None,Not Found
9272481,None,Not Found
28839340,NCT02274558,Phase 3
12681371,None,Not Found
11343683,None,Not Found
15811593,None,Not Found
26223493,None,Not Found
17591659,None,Not Found
30888624,None,Not Found
19968833,None,Not Found
4560057,None,Not Found
15048609,None,Not Found
10962221,None,Not Found
25987642,None,Not Found
29453445,None,Not Found
10928313,None,Not Found
29141124,NCT02274558,Phase 3
22591910,None,Not Found
16139819,None,Not Found
15889942,None,Not Found
1352050,None,Not Found
19758522,NCT00381589,Not Found
27076209,None,Not Found
11557159,None,Not Found
25693889,NCT01101659,Phase 1
19648218,None,Not Found
15257068,None,Not Found
27378314,None,Not Found
9894580,None,Not Found
27871302,NCT02613494,Phase 2
20142308,None,Not Found
6346348,None,Not Found
10565803,None,Not Found
22706414,None,Not Found
17414239,None,Not Found
2564208,None,Not Found
3545130,None,Not Found
8329149,None,Not Found
29158012,None,Not Found
24218048,None,Not Found
19436994,None,Not Found
23817989,None,Not Found
21678422,None,Not Found
11292000,None,Not Found
12630982,None,Not Found
12399142,None,Not Found
9306300,None,Not Found
12650950,None,Not Found
15517847,None,Not Found
8703299,None,Not Found
11105938,None,Not Found
10699226,None,Not Found
12923823,None,Not Found
15897673,None,Not Found
9626923,None,Not Found
9331521,None,Not Found
8935814,None,Not Found
8104200,None,Not Found
16401158,None,Not Found
8447237,None,Not Found
15729082,None,Not Found
15877932,None,Not Found
16939663,None,Not Found
10633487,None,Not Found
15719226,None,Not Found
10481838,None,Not Found
16262589,None,Not Found
1375801,None,Not Found
15863796,None,Not Found
11407439,None,Not Found
16123775,None,Not Found
16887890,None,Not Found
14658949,None,Not Found
14627846,None,Not Found
15677610,None,Not Found
7534423,None,Not Found
11147928,None,Not Found
17591658,None,Not Found
17460616,None,Not Found
16309810,None,Not Found
16555163,None,Not Found
15358979,None,Not Found
19011428,None,Not Found
18179309,None,Not Found
11236069,None,Not Found
11001281,None,Not Found
11391124,None,Not Found
9376336,None,Not Found
17102980,None,Not Found
9286184,None,Not Found
12590356,None,Not Found
14604455,None,Not Found
15537676,None,Not Found
12657913,None,Not Found
12923824,None,Not Found
7691017,None,Not Found
15983801,None,Not Found
12236625,None,Not Found
9090332,None,Not Found
8097114,None,Not Found
11819152,None,Not Found
1981070,None,Not Found
12766931,None,Not Found
12824745,None,Not Found
15551193,None,Not Found
7683702,None,Not Found
15504428,None,Not Found
11697576,None,Not Found
6857251,None,Not Found
8105790,None,Not Found
2567742,None,Not Found
10870876,None,Not Found
29592,None,Not Found
8726544,None,Not Found
2688781,None,Not Found
11223117,None,Not Found
1103206,None,Not Found
9372530,None,Not Found
7536945,None,Not Found
10468316,None,Not Found
6407052,None,Not Found
9623031,None,Not Found
18575849,None,Not Found
18515465,None,Not Found
22464973,None,Not Found
10898926,None,Not Found
23805859,NCT01866098,Not Found
15076014,None,Not Found
8584610,None,Not Found
11981237,None,Not Found
23067311,None,Not Found
16220331,None,Not Found
20299191,None,Not Found
14764214,None,Not Found
16228196,None,Not Found
28086010,NCT00716755,Not Found
9885791,None,Not Found
9778665,None,Not Found
18755817,None,Not Found
28120486,None,Not Found
22113087,None,Not Found
35502897,None,Not Found
23118022,None,Not Found
17591660,None,Not Found
3129746,None,Not Found
14603267,None,Not Found
21223356,None,Not Found
19512973,None,Not Found
9682999,None,Not Found
22980315,NCT01613040,Phase 1
27342447,None,Not Found
10693157,None,Not Found
31773211,None,Not Found
17452287,None,Not Found
10943910,None,Not Found
20838215,None,Not Found
9683005,None,Not Found
28350401,None,Not Found
30003027,None,Not Found
15936063,None,Not Found
9433341,None,Not Found
22813429,None,Not Found
20947068,None,Not Found
11351929,None,Not Found
19890262,None,Not Found
21723949,None,Not Found
2899186,None,Not Found
12680739,None,Not Found
7530376,None,Not Found
8725991,None,Not Found
11763011,None,Not Found
7545159,None,Not Found
19713555,None,Not Found
18227836,None,Not Found
20589598,None,Not Found
11459878,None,Not Found
36305696,NCT02694328,Phase 3
1701262,None,Not Found
17239041,None,Not Found
32876732,None,Not Found
15683753,None,Not Found
7570351,None,Not Found
20490472,None,Not Found
34887529,None,Not Found
10831017,None,Not Found
21603893,None,Not Found
8681493,None,Not Found
7965150,None,Not Found
17541696,None,Not Found
17912501,None,Not Found
8666562,None,Not Found
9498724,None,Not Found
30006361,None,Not Found
30390684,NCT01018992,Phase 2
30624551,None,Not Found
22626890,None,Not Found
31688451,None,Not Found
32854568,None,Not Found
28320223,NCT02274558,Phase 3
33908296,None,Not Found
8274578,None,Not Found
35046508,NCT02655692,Phase 2
31895437,NCT01407094,Phase 2
30536081,NCT02079844,Phase 1
26980460,None,Not Found
29103081,NCT01879722,Phase 1
31205187,None,Not Found
23211492,None,Not Found
35505312,NCT02357290,Phase 4
7639092,None,Not Found
23857309,None,Not Found
30530989,None,Not Found
35953474,NCT02832037,Phase 2
16797936,None,Not Found
22198452,None,Not Found
1686106,None,Not Found
25368372,NCT00492336,Phase 4
15778880,None,Not Found
15486516,None,Not Found
8471132,None,Not Found
30429,None,Not Found
17208413,None,Not Found
165795,None,Not Found
18716761,None,Not Found
31416745,None,Not Found
34716565,NCT02342717,Phase 1
10917401,None,Not Found
16035956,None,Not Found
29432331,None,Not Found
17625502,None,Not Found
22855271,None,Not Found
17659263,NCT00328276,Phase 2
28421639,None,Not Found
30130712,None,Not Found
16062097,None,Not Found
15252826,None,Not Found
10895399,None,Not Found
35841422,None,Not Found
34735098,None,Not Found
12567159,None,Not Found
9373887,None,Not Found
32036587,NCT03859973,Phase 2
15876902,None,Not Found
22751086,None,Not Found
21518375,None,Not Found
9179631,None,Not Found
17972359,None,Not Found
23116363,None,Not Found
18204342,None,Not Found
23828160,None,Not Found
25004184,NCT01300364,Phase 4
16181792,None,Not Found
36341700,NCT04094207,Phase 2
12680747,None,Not Found
12042193,None,Not Found
15602113,None,Not Found
29852208,None,Not Found
23350632,None,Not Found
19711335,None,Not Found
11151749,None,Not Found
30190165,NCT02477020,Phase 2
20850275,None,Not Found
26902281,None,Not Found
21934625,None,Not Found
18727948,None,Not Found
20949350,None,Not Found
12404698,None,Not Found
21459735,None,Not Found
20472299,None,Not Found
20050717,None,Not Found
32701903,None,Not Found
27396837,None,Not Found
14646612,None,Not Found
17690999,None,Not Found
20947305,None,Not Found
24735806,None,Not Found
19358788,NCT00161031,Not Found
27572830,None,Not Found
27423256,None,Not Found
9050128,None,Not Found
28688742,NCT01401491,Phase 4
17391930,None,Not Found
12562576,None,Not Found
36700734,NCT02783040,Phase 1
873714,None,Not Found
15549344,None,Not Found
25271822,None,Not Found
18056819,None,Not Found
6105762,None,Not Found
22377745,None,Not Found
34936055,NCT03783000,Phase 1
17355738,None,Not Found
9617979,None,Not Found
16012272,None,Not Found
12042201,None,Not Found
21208484,None,Not Found
1108674,None,Not Found
15545309,None,Not Found
8891083,None,Not Found
16797163,None,Not Found
18348599,None,Not Found
12352274,None,Not Found
21300940,None,Not Found
16321618,None,Not Found
32835925,None,Not Found
19995670,None,Not Found
10989263,None,Not Found
10587287,None,Not Found
10350367,None,Not Found
9895145,None,Not Found
14991374,None,Not Found
16187778,None,Not Found
10512079,None,Not Found
15298648,None,Not Found
12955290,None,Not Found
9783350,None,Not Found
8627275,None,Not Found
16580765,None,Not Found
15096068,None,Not Found
11048902,None,Not Found
12413640,None,Not Found
11694208,None,Not Found
30090697,None,Not Found
12925933,None,Not Found
35089373,None,Not Found
14566219,None,Not Found
15677608,None,Not Found
30528676,NCT01618656,Phase 2
9542792,None,Not Found
27816567,NCT01235520,Phase 3
9928923,None,Not Found
17272964,None,Not Found
10435775,None,Not Found
32114617,None,Not Found
11799338,None,Not Found
29020372,None,Not Found
19779146,None,Not Found
15496223,None,Not Found
706,None,Not Found
17293705,None,Not Found
36094813,NCT03844321,Not Found
11682247,None,Not Found
17310385,None,Not Found
27510902,None,Not Found
24929949,NCT00977301,Phase 1
19585395,None,Not Found
11476124,None,Not Found
33213541,None,Not Found
19483481,None,Not Found
29417623,None,Not Found
12442883,None,Not Found
24229565,None,Not Found
10505485,None,Not Found
31818787,NCT01153009,Phase 3
19858762,NCT00018902,Phase 3
24350814,None,Not Found
17092979,None,Not Found
10027514,None,Not Found
22440975,None,Not Found
9817624,None,Not Found
29098341,None,Not Found
15870506,None,Not Found
30695293,NCT02274558,Phase 3
34085581,NCT02520388,Phase 3
14741060,None,Not Found
25466703,None,Not Found
22364739,None,Not Found
21431312,None,Not Found
29955151,None,Not Found
11244376,None,Not Found
20134408,None,Not Found
17971261,None,Not Found
33284058,None,Not Found
28719155,None,Not Found
16453253,None,Not Found
11278149,None,Not Found
12629532,None,Not Found
18583440,None,Not Found
1450287,None,Not Found
24014023,None,Not Found
17388711,NCT00164242,Phase 4
9509495,None,Not Found
19304862,None,Not Found
9264051,None,Not Found
17299503,None,Not Found
15296819,None,Not Found
10376122,None,Not Found
24284060,None,Not Found
10333167,None,Not Found
8959468,None,Not Found
10071180,None,Not Found
23277250,None,Not Found
15169696,None,Not Found
15834460,None,Not Found
17822337,None,Not Found
11755456,None,Not Found
12210656,None,Not Found
9027670,None,Not Found
14659489,None,Not Found
17121171,None,Not Found
779704,None,Not Found
17046724,None,Not Found
10220124,None,Not Found
15291653,None,Not Found
15578006,None,Not Found
19699472,None,Not Found
15786486,None,Not Found
12427578,None,Not Found
15037867,None,Not Found
10665627,None,Not Found
11437014,None,Not Found
10757250,None,Not Found
9472836,None,Not Found
28384010,None,Not Found
17265148,None,Not Found
41413,None,Not Found
36730749,NCT02083783,Phase 3
10805611,None,Not Found
10599872,None,Not Found
33797983,NCT02520388,Phase 3
12880497,None,Not Found
33600233,NCT03247530,Phase 3
34581911,None,Not Found
17267793,None,Not Found
28189575,None,Not Found
16821658,None,Not Found
24061784,NCT00086645,Phase 2
369623,None,Not Found
9562210,None,Not Found
32930090,None,Not Found
8104509,None,Not Found
30768393,NCT02155608,Not Found
35921102,NCT04003740,Not Found
27798224,None,Not Found
26658259,None,Not Found
1527231,None,Not Found
30560740,None,Not Found
9988985,None,Not Found
8741946,None,Not Found
16985503,None,Not Found
28464963,None,Not Found
3294284,None,Not Found
21947320,None,Not Found
23138961,NCT00809770,Not Found
24964814,None,Not Found
22178084,NCT00772005,Phase 2
25921551,None,Not Found
19689921,NCT00573417,Phase 4
22805060,None,Not Found
20521327,None,Not Found
25885010,NCT00796302,Phase 4
25727536,NCT01321177,Not Found
35257622,None,Not Found
15085092,None,Not Found
21903893,None,Not Found
21565464,None,Not Found
17077439,None,Not Found
15994572,None,Not Found
17151173,None,Not Found
21854276,None,Not Found
22762200,None,Not Found
34806929,None,Not Found
17503979,None,Not Found
36799101,None,Not Found
20816042,NCT00487942,Phase 2
2375945,None,Not Found
16500713,None,Not Found
7993958,None,Not Found
3933028,None,Not Found
21641776,NCT00373672,Phase 4
1984711,None,Not Found
29220679,None,Not Found
2649157,None,Not Found
6939000,None,Not Found
15090936,None,Not Found
7840862,None,Not Found
3862151,None,Not Found
100818,None,Not Found
23938173,None,Not Found
25310201,None,Not Found
16259965,None,Not Found
12110467,None,Not Found
16013898,None,Not Found
12225705,None,Not Found
2066768,None,Not Found
6802100,None,Not Found
3699074,None,Not Found
9063913,None,Not Found
35635014,None,Not Found
21909634,None,Not Found
7065839,None,Not Found
2901251,None,Not Found
11951147,None,Not Found
23820927,None,Not Found
26387027,None,Not Found
18516718,None,Not Found
2879856,None,Not Found
21109234,None,Not Found
21885210,None,Not Found
20653641,None,Not Found
34673771,NCT04366609,Not Found
24346114,None,Not Found
19573494,None,Not Found
22820554,None,Not Found
24671338,None,Not Found
8481748,None,Not Found
35657651,None,Not Found
769722,None,Not Found
21159728,None,Not Found
31791384,None,Not Found
28806385,None,Not Found
1657221,None,Not Found
1100539,None,Not Found
843178,None,Not Found
20973708,None,Not Found
30430,None,Not Found
3885760,None,Not Found
21186923,None,Not Found
2190251,None,Not Found
18641209,None,Not Found
17080442,None,Not Found
3110848,None,Not Found
2903219,None,Not Found
11331147,None,Not Found
36383348,None,Not Found
10587285,None,Not Found
14658963,None,Not Found
12640212,None,Not Found
12663845,None,Not Found
15983790,None,Not Found
9347122,None,Not Found
3516291,None,Not Found
15625202,None,Not Found
7986772,None,Not Found
6102456,None,Not Found
10457535,None,Not Found
8274577,None,Not Found
2615928,None,Not Found
1796130,None,Not Found
23164462,None,Not Found
793562,None,Not Found
6292981,None,Not Found
31416746,None,Not Found
25522406,None,Not Found
30367952,None,Not Found
12765749,None,Not Found
25379427,None,Not Found
23922637,None,Not Found
32796392,None,Not Found
26082889,None,Not Found
31836507,NCT00021528,Phase 4
28057452,None,Not Found
26255563,None,Not Found
30825131,None,Not Found
23039931,NCT01494623,Not Found
32087502,None,Not Found
23978392,None,Not Found
18554874,None,Not Found
24290501,None,Not Found
18562102,None,Not Found
27527256,None,Not Found
18766018,None,Not Found
16456657,None,Not Found
32299763,None,Not Found
22048129,None,Not Found
31728631,NCT01573637,Phase 3
30348514,NCT02804568,Phase 1
22021045,None,Not Found
30292415,None,Not Found
30243853,None,Not Found
36427815,None,Not Found
22383949,NCT01506765,Phase 1
19956088,None,Not Found
15110009,None,Not Found
21818354,None,Not Found
21543191,NCT01078129,Not Found
22796985,None,Not Found
22544010,None,Not Found
16823382,None,Not Found
21353483,None,Not Found
7876034,None,Not Found
31712617,None,Not Found
27428476,None,Not Found
16769169,None,Not Found
9442342,None,Not Found
21305610,None,Not Found
15522245,None,Not Found
15246467,None,Not Found
19675535,None,Not Found
12223253,None,Not Found
9529945,None,Not Found
18344723,None,Not Found
24431462,None,Not Found
33359350,None,Not Found
25223883,None,Not Found
33631385,None,Not Found
15670704,None,Not Found
36558548,None,Not Found
17452011,None,Not Found
34075065,None,Not Found
23421352,None,Not Found
22575075,None,Not Found
17277732,None,Not Found
27452837,None,Not Found
23430159,None,Not Found
22532165,None,Not Found
18201810,None,Not Found
24120303,None,Not Found
24927588,None,Not Found
23831184,None,Not Found
30266264,None,Not Found
18082302,None,Not Found
9844984,None,Not Found
18754005,None,Not Found
9345694,None,Not Found
21513772,None,Not Found
23063603,None,Not Found
19606086,None,Not Found
11059992,None,Not Found
28406913,None,Not Found
22038536,None,Not Found
19349314,None,Not Found
21301811,None,Not Found
18807247,None,Not Found
25778615,None,Not Found
28009070,None,Not Found
17553466,None,Not Found
16174673,None,Not Found
18004139,None,Not Found
14645480,None,Not Found
17828390,None,Not Found
12729939,None,Not Found
17895917,None,Not Found
31462766,None,Not Found
11705721,None,Not Found
8527468,None,Not Found
15378678,None,Not Found
29197203,None,Not Found
31685285,None,Not Found
32594479,None,Not Found
30539767,NCT01392885,Not Found
33389108,None,Not Found
32614046,NCT02246426,Not Found
30499443,None,Not Found
34934115,None,Not Found
32748261,NCT03466112,Not Found
30251622,None,Not Found
3054990,None,Not Found
21294047,None,Not Found
36037322,None,Not Found
30316998,NCT02815813,Not Found
31634752,None,Not Found
35526293,None,Not Found
16513861,None,Not Found
19837763,None,Not Found
24387590,None,Not Found
34839074,None,Not Found
30423420,None,Not Found
34170518,None,Not Found
34255168,None,Not Found
35089106,None,Not Found
29525739,NCT02796417,Not Found
35136033,None,Not Found
23107768,None,Not Found
33388700,None,Not Found
36115192,NCT02717195,Phase 3
34785674,None,Not Found
33661184,None,Not Found
20124113,None,Not Found
36347107,None,Not Found
30482631,None,Not Found
33113211,None,Not Found
35661491,None,Not Found
33855083,None,Not Found
10088141,None,Not Found
23343453,None,Not Found
15780846,None,Not Found
21944429,None,Not Found
28153927,NCT00995553,Not Found
35235720,NCT01396421,Phase 3
23777757,None,Not Found
24867353,None,Not Found
2654127,None,Not Found
35759877,None,Not Found
29458931,None,Not Found
35756401,None,Not Found
15631892,None,Not Found
29861267,None,Not Found
21707472,None,Not Found
10587984,None,Not Found
31634401,None,Not Found
34677118,None,Not Found
11097085,None,Not Found
29954701,None,Not Found
29691142,None,Not Found
25623601,None,Not Found
34544343,None,Not Found
21745726,None,Not Found
33894334,NCT04637724,Not Found
30478008,NCT02008773,Phase 2
36428075,NCT05259748,Not Found
27044008,None,Not Found
23279146,None,Not Found
35971137,NCT04902066,Not Found
20814324,None,Not Found
27525830,None,Not Found
27846922,None,Not Found
15716163,None,Not Found
29692285,None,Not Found
29274733,NCT02341131,Not Found
36834130,None,Not Found
34410749,None,Not Found
26851964,None,Not Found
22832861,None,Not Found
34304146,NCT02535676,Phase 3
24660971,None,Not Found
32919407,None,Not Found
21711202,None,Not Found
9532347,None,Not Found
20673784,None,Not Found
25379415,None,Not Found
24507118,None,Not Found
21334854,None,Not Found
33108030,None,Not Found
32180369,None,Not Found
28457189,None,Not Found
25227564,None,Not Found
26138715,NCT02246426,Not Found
22815697,None,Not Found
33735740,None,Not Found
21675334,None,Not Found
31648842,None,Not Found
23993864,None,Not Found
36287604,NCT03554655,Not Found
28187054,None,Not Found
32693320,NCT02341131,Not Found
14629703,None,Not Found
36463724,None,Not Found
30829190,None,Not Found
29929773,None,Not Found
33961863,None,Not Found
32007346,None,Not Found
33770710,NCT02842034,Not Found
31896431,None,Not Found
24646809,None,Not Found
36883881,NCT01499563,Phase 2
29912880,None,Not Found
33156372,NCT02205684,Not Found
23845600,None,Not Found
29734347,NCT02539797,Not Found
27218221,None,Not Found
18718884,None,Not Found
28182471,None,Not Found
14499318,None,Not Found
22365555,None,Not Found
20008941,NCT00261794,Not Found
25782770,None,Not Found
26433217,None,Not Found
26006264,None,Not Found
18583442,None,Not Found
21620765,None,Not Found
26234968,None,Not Found
30172595,NCT00694707,Phase 2
20167306,None,Not Found
28684776,None,Not Found
21332297,None,Not Found
32349835,None,Not Found
29127562,None,Not Found
16774715,None,Not Found
31298171,None,Not Found
30956977,None,Not Found
22971985,None,Not Found
16126373,None,Not Found
32315965,None,Not Found
21412846,None,Not Found
30704862,None,Not Found
18005368,None,Not Found
31565796,NCT02743143,Not Found
22409340,None,Not Found
19006657,None,Not Found
26424639,NCT02254733,Not Found
1947865,None,Not Found
36577235,NCT02267070,Not Found
32289715,None,Not Found
32854688,NCT02205684,Not Found
21514059,None,Not Found
16199794,None,Not Found
22581236,NCT00870909,Not Found
34653740,None,Not Found
799401,None,Not Found
12792454,None,Not Found
21632728,None,Not Found
36640745,None,Not Found
25056532,None,Not Found
9865219,None,Not Found
355181,None,Not Found
19826855,None,Not Found
29954702,None,Not Found
24382594,NCT00339170,Not Found
22213250,None,Not Found
19735607,None,Not Found
11939974,None,Not Found
25805886,None,Not Found
29131826,None,Not Found
20887608,None,Not Found
27450744,None,Not Found
26822592,None,Not Found
6993401,None,Not Found
9798072,None,Not Found
20718623,None,Not Found
18824063,None,Not Found
31759809,None,Not Found
31678749,None,Not Found
10426460,None,Not Found
21113661,None,Not Found
33551284,NCT01880255,Not Found
9460089,None,Not Found
20799930,None,Not Found
32458107,NCT03261817,Not Found
17102716,None,Not Found
26335438,NCT01547026,Not Found
18565733,None,Not Found
22695257,None,Not Found
19114582,None,Not Found
30635256,None,Not Found
27987221,None,Not Found
23161338,None,Not Found
22759719,None,Not Found
23414234,None,Not Found
15179543,None,Not Found
12223247,None,Not Found
770513,None,Not Found
27615793,None,Not Found
17137759,None,Not Found
36842825,None,Not Found
10711914,None,Not Found
9894584,None,Not Found
20381164,None,Not Found
24487666,None,Not Found
36603383,None,Not Found
28351544,None,Not Found
23785044,None,Not Found
29040947,None,Not Found
29422299,None,Not Found
25582269,NCT00783120,Not Found
21641943,None,Not Found
8748041,None,Not Found
18156640,None,Not Found
17412858,None,Not Found
27138827,None,Not Found
23932244,None,Not Found
27584836,None,Not Found
22581070,NCT01175642,Early Phase 1
34020205,None,Not Found
22374932,None,Not Found
15922095,None,Not Found
23405021,None,Not Found
19012672,None,Not Found
25449864,None,Not Found
16842977,None,Not Found
26646670,NCT02205684,Not Found
24072808,None,Not Found
14552498,None,Not Found
24911420,NCT00338975,Not Found
29482042,None,Not Found
18726681,None,Not Found
20428109,None,Not Found
27254652,None,Not Found
10855462,None,Not Found
17943687,None,Not Found
21638329,None,Not Found
7868106,None,Not Found
20819983,NCT00654576,Phase 4
16462549,None,Not Found
16123531,None,Not Found
31208376,NCT03554655,Not Found
8888364,None,Not Found
15896224,None,Not Found
15288371,None,Not Found
22805901,NCT00712660,Not Found
23317474,None,Not Found
2521086,None,Not Found
16020076,None,Not Found
17655565,None,Not Found
26375919,NCT01674543,Not Found
28442422,None,Not Found
23566183,None,Not Found
20378181,NCT00169689,Not Found
10402613,None,Not Found
9699698,None,Not Found
12814846,None,Not Found
1117287,None,Not Found
25980483,None,Not Found
28981875,NCT00783120,Not Found
22467118,None,Not Found
10953784,None,Not Found
16886724,None,Not Found
7788460,None,Not Found
10782553,None,Not Found
15610941,None,Not Found
16099179,None,Not Found
9811555,None,Not Found
20633367,None,Not Found
20445768,None,Not Found
23842023,NCT01804257,Not Found
12701663,None,Not Found
15697042,None,Not Found
20950141,None,Not Found
17478080,None,Not Found
15602110,None,Not Found
12691772,None,Not Found
6147132,None,Not Found
14520337,None,Not Found
21306612,NCT00472862,Phase 3
11684737,None,Not Found
8898488,None,Not Found
15488397,None,Not Found
8293297,None,Not Found
11913333,None,Not Found
20553826,None,Not Found
8824341,None,Not Found
17894671,None,Not Found
9777180,None,Not Found
11518436,None,Not Found
1375019,None,Not Found
35603883,None,Not Found
25314898,None,Not Found
1348430,None,Not Found
12729868,None,Not Found
33139710,None,Not Found
14967547,None,Not Found
11513374,None,Not Found
21733286,None,Not Found
11165312,None,Not Found
9777174,None,Not Found
8942455,None,Not Found
29224023,None,Not Found
18670244,None,Not Found
2350208,None,Not Found
1090708,None,Not Found
3085738,None,Not Found
21746764,None,Not Found
22364962,None,Not Found
27605034,None,Not Found
16648775,None,Not Found
11986138,None,Not Found
20411169,None,Not Found
15741469,None,Not Found
30376124,None,Not Found
11030488,None,Not Found
17277726,None,Not Found
15955504,None,Not Found
12151286,None,Not Found
29614389,NCT02305823,Phase 4
21041359,None,Not Found
10493550,None,Not Found
848577,None,Not Found
9165640,None,Not Found
36527955,NCT02267070,Not Found
25453990,None,Not Found
98128,None,Not Found
29433613,NCT02593734,Phase 4
9894583,None,Not Found
8927682,None,Not Found
16415704,None,Not Found
29301026,None,Not Found
791182,None,Not Found
29428121,None,Not Found
26869182,None,Not Found
3515852,None,Not Found
15607689,None,Not Found
30595443,None,Not Found
7247630,None,Not Found
34022474,NCT02326389,Not Found
1924667,None,Not Found
18678800,NCT00206570,Phase 2
9580382,None,Not Found
548976,None,Not Found
9477010,None,Not Found
17894041,None,Not Found
2875479,None,Not Found
12027048,None,Not Found
10754432,None,Not Found
21508862,None,Not Found
18715755,None,Not Found
25262346,None,Not Found
30922713,NCT01898299,Not Found
29224040,NCT02670291,Not Found
16783519,None,Not Found
31226959,NCT03409393,Not Found
6625960,None,Not Found
7984698,None,Not Found
18308903,None,Not Found
369471,None,Not Found
16867031,None,Not Found
26829356,None,Not Found
2679483,None,Not Found
19321313,None,Not Found
7552049,None,Not Found
2416190,None,Not Found
27756514,None,Not Found
424477,None,Not Found
16220212,None,Not Found
9396013,None,Not Found
3406428,None,Not Found
9017724,None,Not Found
17960967,None,Not Found
9558645,None,Not Found
1384364,None,Not Found
8909331,None,Not Found
28082379,NCT00914238,Not Found
8579811,None,Not Found
12511172,None,Not Found
1438625,None,Not Found
11192620,None,Not Found
17875030,None,Not Found
17999270,None,Not Found
9675631,None,Not Found
10480664,None,Not Found
8889287,None,Not Found
9779901,None,Not Found
8610821,None,Not Found
3718170,None,Not Found
9777178,None,Not Found
12921224,None,Not Found
16044535,None,Not Found
9171910,None,Not Found
9798085,None,Not Found
11784835,None,Not Found
12944338,None,Not Found
17650536,None,Not Found
48363,None,Not Found
15006650,None,Not Found
10949157,None,Not Found
6337581,None,Not Found
11261650,None,Not Found
8054318,None,Not Found
9278953,None,Not Found
10369152,None,Not Found
1099598,None,Not Found
8527465,None,Not Found
9676147,None,Not Found
7239459,None,Not Found
4056780,None,Not Found
6645778,None,Not Found
7946229,None,Not Found
6189502,None,Not Found
738832,None,Not Found
10098611,None,Not Found
308770,None,Not Found
6625958,None,Not Found
6512000,None,Not Found
3298328,None,Not Found
3724994,None,Not Found
21700430,None,Not Found
18321680,None,Not Found
11020120,None,Not Found
8161288,None,Not Found
21682813,None,Not Found
23313304,None,Not Found
34814232,None,Not Found
24054464,None,Not Found
19895780,NCT00733057,Phase 3
11352142,None,Not Found
16786813,None,Not Found
32291210,None,Not Found
10578460,None,Not Found
9029414,None,Not Found
35627807,None,Not Found
34098192,None,Not Found
14702232,None,Not Found
11354593,None,Not Found
2282421,None,Not Found
9285246,None,Not Found
19695836,None,Not Found
29897597,None,Not Found
6372737,None,Not Found
20399613,None,Not Found
27416102,None,Not Found
27342215,NCT02160249,Not Found
6378118,None,Not Found
11739071,None,Not Found
19139851,None,Not Found
19560121,None,Not Found
20843301,None,Not Found
30737979,None,Not Found
23984631,None,Not Found
3286051,None,Not Found
24201233,None,Not Found
24733680,None,Not Found
36650458,NCT05556941,Not Found
16139525,None,Not Found
8085185,None,Not Found
34301224,NCT01139502,Not Found
15023577,None,Not Found
36772939,None,Not Found
29462456,None,Not Found
33002684,None,Not Found
6881256,None,Not Found
23810122,None,Not Found
16885230,None,Not Found
25886678,NCT 00290121,Not Found
30293014,None,Not Found
1411329,None,Not Found
24246433,None,Not Found
35686351,None,Not Found
22682988,None,Not Found
28602646,None,Not Found
11020126,None,Not Found
33096356,NCT04038788,Not Found
16583406,None,Not Found
26202461,None,Not Found
20637820,None,Not Found
30955702,None,Not Found
25666311,None,Not Found
20800085,None,Not Found
14683698,None,Not Found
7953037,None,Not Found
9704166,None,Not Found
6141186,None,Not Found
26302441,NCT00130923,Phase 4
9844955,None,Not Found
23017825,NCT00472862,Phase 3
3516616,None,Not Found
3094627,None,Not Found
15138895,None,Not Found
27100095,None,Not Found
2285326,None,Not Found
20422405,None,Not Found
15083259,None,Not Found
32808025,None,Not Found
10066998,None,Not Found
10616629,None,Not Found
36085679,NCT03260257,Not Found
9167507,None,Not Found
26210303,None,Not Found
33161162,None,Not Found
27151073,None,Not Found
15964595,None,Not Found
16055375,None,Not Found
2859054,None,Not Found
12955901,None,Not Found
16513872,None,Not Found
28606061,None,Not Found
26969128,None,Not Found
23379271,None,Not Found
17398078,None,Not Found
20714969,None,Not Found
26567593,None,Not Found
30845819,NCT03024203,Not Found
17919155,None,Not Found
11897539,None,Not Found
26956164,None,Not Found
19806599,None,Not Found
22574801,None,Not Found
11435269,None,Not Found
8825255,None,Not Found
12880845,None,Not Found
2567190,None,Not Found
23746615,None,Not Found
21546216,None,Not Found
836481,None,Not Found
3074860,None,Not Found
28009525,None,Not Found
31103018,None,Not Found
17997395,None,Not Found
16507343,None,Not Found
19864114,None,Not Found
23602388,None,Not Found
23686130,None,Not Found
16412989,None,Not Found
14642498,None,Not Found
6875530,None,Not Found
8993096,None,Not Found
11001606,None,Not Found
7770734,None,Not Found
26176646,NCT01885923,Not Found
36231292,None,Not Found
32098946,None,Not Found
1631250,None,Not Found
29621261,None,Not Found
32519208,None,Not Found
28463718,None,Not Found
7813605,None,Not Found
3280558,None,Not Found
16298898,None,Not Found
7659771,None,Not Found
3899199,None,Not Found
7851099,None,Not Found
25640526,None,Not Found
22241164,None,Not Found
30782512,NCT03304457,Phase 4
2883680,None,Not Found
2885367,None,Not Found
34622272,None,Not Found
681529,None,Not Found
12693431,None,Not Found
10200732,None,Not Found
23467813,NCT00611806,Phase 4
16423167,None,Not Found
18005494,None,Not Found
2686796,None,Not Found
27574838,NCT01469039,Phase 3
30570309,None,Not Found
18096287,None,Not Found
17650271,None,Not Found
7831412,None,Not Found
24145221,None,Not Found
10744097,None,Not Found
15866328,None,Not Found
11526991,None,Not Found
15722000,None,Not Found
19150220,None,Not Found
21186062,None,Not Found
22227558,None,Not Found
6433715,None,Not Found
16008777,None,Not Found
30991969,NCT02131415,Not Found
15652879,None,Not Found
25603893,None,Not Found
14642467,None,Not Found
21617527,NCT00372151,Phase 3
25805118,None,Not Found
24417608,None,Not Found
3652464,None,Not Found
24346133,None,Not Found
18957312,None,Not Found
21111297,None,Not Found
26840071,None,Not Found
7872033,None,Not Found
9409085,None,Not Found
15922565,None,Not Found
20000282,None,Not Found
28931460,None,Not Found
18047771,None,Not Found
20661811,None,Not Found
9824879,None,Not Found
30445875,None,Not Found
31722694,None,Not Found
33781394,None,Not Found
27209526,None,Not Found
6578752,None,Not Found
20658812,None,Not Found
7946230,None,Not Found
15176764,None,Not Found
30071838,None,Not Found
9474441,None,Not Found
519632,None,Not Found
2343070,None,Not Found
19843655,None,Not Found
18070852,None,Not Found
26778629,None,Not Found
25712663,None,Not Found
26423100,NCT01897064,Not Found
31098654,None,Not Found
17650312,None,Not Found
2889761,None,Not Found
9024956,None,Not Found
26004421,None,Not Found
14568459,None,Not Found
25451428,None,Not Found
26152668,None,Not Found
35611778,None,Not Found
31045590,NCT02298985,Phase 4
24358266,None,Not Found
30940400,None,Not Found
16906395,None,Not Found
418431,None,Not Found
15943650,None,Not Found
21975132,None,Not Found
35569503,None,Not Found
19850283,None,Not Found
23452665,NCT01318850,Not Found
37747,None,Not Found
29212415,None,Not Found
21377738,None,Not Found
26866874,None,Not Found
850062,None,Not Found
32067415,None,Not Found
23116381,None,Not Found
7865192,None,Not Found
1529745,None,Not Found
10088137,None,Not Found
10704125,None,Not Found
29396118,None,Not Found
15517429,None,Not Found
23064969,None,Not Found
1390955,None,Not Found
25354751,None,Not Found
6147865,None,Not Found
1393335,None,Not Found
12485302,None,Not Found
29267940,None,Not Found
15968599,None,Not Found
2881964,None,Not Found
6350921,None,Not Found
31463563,None,Not Found
21801762,None,Not Found
7946232,None,Not Found
29420868,None,Not Found
14623497,None,Not Found
9099412,None,Not Found
23145548,None,Not Found
9102,None,Not Found
7946231,None,Not Found
7770613,None,Not Found
11952923,None,Not Found
19514097,None,Not Found
28289280,NCT01091506,Not Found
17070671,None,Not Found
20868638,NCT00672373,Phase 3
29501386,None,Not Found
9342644,None,Not Found
3185895,None,Not Found
9894574,None,Not Found
26189077,None,Not Found
1557681,None,Not Found
28590362,None,Not Found
9399615,None,Not Found
19251401,None,Not Found
15955502,None,Not Found
24865198,None,Not Found
11411815,None,Not Found
17851042,None,Not Found
9728732,None,Not Found
30930034,None,Not Found
29101715,None,Not Found
11072388,None,Not Found
6151145,None,Not Found
27098066,None,Not Found
19182178,None,Not Found
9076569,None,Not Found
15907297,None,Not Found
10402158,None,Not Found
27179693,None,Not Found
23418863,NCT01368406,Not Found
17823649,None,Not Found
9117472,None,Not Found
16129010,None,Not Found
15600384,None,Not Found
36069950,None,Not Found
15246468,None,Not Found
10468314,None,Not Found
30979666,None,Not Found
15023578,None,Not Found
7794594,None,Not Found
35461642,NCT05038927,Not Found
7530379,None,Not Found
33400943,None,Not Found
30243958,None,Not Found
7041515,None,Not Found
16125372,None,Not Found
836131,None,Not Found
23819667,None,Not Found
22395527,NCT00641745,Phase 3
6818596,None,Not Found
9401715,None,Not Found
10516959,None,Not Found
22832859,None,Not Found
329292,None,Not Found
1102277,None,Not Found
23022750,None,Not Found
8562579,None,Not Found
22840762,None,Not Found
30429078,None,Not Found
2333483,None,Not Found
18788030,None,Not Found
1947866,None,Not Found
21768610,None,Not Found
12409170,None,Not Found
28750582,None,Not Found
10396166,None,Not Found
23343329,None,Not Found
21655934,None,Not Found
18552625,None,Not Found
8024,None,Not Found
12578430,None,Not Found
12439835,None,Not Found
21646823,None,Not Found
34633280,None,Not Found
8685664,None,Not Found
21571,None,Not Found
16626943,None,Not Found
16393881,None,Not Found
20360158,None,Not Found
33684737,None,Not Found
238810,None,Not Found
22311531,None,Not Found
24035402,None,Not Found
31617873,NCT02535676,Phase 3
24548587,None,Not Found
26521223,NCT01729650,Not Found
17459548,None,Not Found
24994555,None,Not Found
31046033,None,Not Found
25191766,None,Not Found
9864080,None,Not Found
199129,None,Not Found
32354661,None,Not Found
15601603,None,Not Found
27543828,None,Not Found
2469097,None,Not Found
12216014,None,Not Found
26228394,None,Not Found
1973547,None,Not Found
18091190,None,Not Found
15610925,None,Not Found
22743003,None,Not Found
25364946,None,Not Found
6143579,None,Not Found
19448187,None,Not Found
14571154,None,Not Found
21840846,None,Not Found
4157149,None,Not Found
30316742,None,Not Found
20686456,None,Not Found
22086749,None,Not Found
34781358,None,Not Found
21644,None,Not Found
10817107,None,Not Found
23017827,None,Not Found
19556946,None,Not Found
6112842,None,Not Found
16877896,None,Not Found
11137662,None,Not Found
776312,None,Not Found
319862,None,Not Found
21208586,NCT00372151,Phase 3
11488360,None,Not Found
19070995,None,Not Found
15461870,None,Not Found
27461399,None,Not Found
12362921,None,Not Found
25790903,None,Not Found
30281086,None,Not Found
19339850,None,Not Found
15232304,None,Not Found
16185814,None,Not Found
475542,None,Not Found
2870754,None,Not Found
12598823,None,Not Found
18399030,None,Not Found
21200078,None,Not Found
25474418,None,Not Found
24090047,None,Not Found
1233383,None,Not Found
34625041,NCT03345979,Phase 3
1092725,None,Not Found
18563956,None,Not Found
30802689,None,Not Found
21969650,NCT00885716,Not Found
8981392,None,Not Found
4858,None,Not Found
6594713,None,Not Found
12515884,None,Not Found
23954039,None,Not Found
14719048,None,Not Found
32740676,NCT03304457,Phase 4
9539256,None,Not Found
1562865,None,Not Found
23868656,None,Not Found
1558898,None,Not Found
7043497,None,Not Found
12416598,None,Not Found
2250501,None,Not Found
19663671,None,Not Found
18044562,None,Not Found
9272763,None,Not Found
17592906,NCT00206115,Phase 3
29637739,None,Not Found
26521019,NCT01821378,Phase 3
17467008,None,Not Found
9111850,None,Not Found
15572280,None,Not Found
11147929,None,Not Found
12692474,None,Not Found
19959338,None,Not Found
21275083,NCT01029067,Not Found
7484202,None,Not Found
33783399,NCT01752712,Not Found
28866447,None,Not Found
24982,None,Not Found
28981832,None,Not Found
22939029,NCT01521026,Not Found
28985228,None,Not Found
10993126,None,Not Found
34174474,None,Not Found
17688893,None,Not Found
24630262,None,Not Found
14654460,None,Not Found
26921116,None,Not Found
16513871,None,Not Found
1381102,None,Not Found
29112001,None,Not Found
15863797,None,Not Found
18241359,None,Not Found
33957896,None,Not Found
15565299,None,Not Found
19643579,None,Not Found
7018873,None,Not Found
7800170,None,Not Found
15219658,None,Not Found
1677266,None,Not Found
24925984,NCT00706654,Phase 3
15358448,None,Not Found
19941696,NCT00074477,Phase 2
7092498,None,Not Found
19368899,None,Not Found
26190299,None,Not Found
18286870,None,Not Found
6145426,None,Not Found
790413,None,Not Found
34802039,None,Not Found
362830,None,Not Found
364517,None,Not Found
189724,None,Not Found
17151596,None,Not Found
8690831,None,Not Found
22834656,None,Not Found
6387105,None,Not Found
8481745,None,Not Found
21777507,NCT00210717,Phase 3
2920548,None,Not Found
25711509,NCT00705783,Phase 3
15450782,None,Not Found
15978843,None,Not Found
26159452,None,Not Found
19545976,None,Not Found
19176275,None,Not Found
1674950,None,Not Found
2870753,None,Not Found
22236137,NCT00088478,Phase 3
17953521,None,Not Found
7803318,None,Not Found
1687485,None,Not Found
28864916,None,Not Found
11041319,None,Not Found
32483253,None,Not Found
9138438,None,Not Found
10394483,None,Not Found
26481174,NCT01321177,Not Found
33938520,None,Not Found
17414740,None,Not Found
23485015,NCT00308997,Phase 2
18203048,None,Not Found
6116743,None,Not Found
23517883,None,Not Found
22781166,None,Not Found
12107615,None,Not Found
19879305,None,Not Found
10625114,None,Not Found
326504,None,Not Found
16318996,None,Not Found
16282832,None,Not Found
24041270,NCT00088491,Phase 3
29843676,None,Not Found
24955550,None,Not Found
6102775,None,Not Found
11483142,None,Not Found
23086987,None,Not Found
21144499,None,Not Found
17333160,None,Not Found
32062728,NCT02307396,Phase 4
6785794,None,Not Found
17526469,None,Not Found
9498309,None,Not Found
7021452,None,Not Found
28869006,None,Not Found
9646891,None,Not Found
29486960,NCT00736710,Not Found
27861318,None,Not Found
2938421,None,Not Found
15201573,None,Not Found
26278784,None,Not Found
415329,None,Not Found
417377,None,Not Found
16820255,None,Not Found
817373,None,Not Found
21226941,NCT01196286,Not Found
6149595,None,Not Found
76797,None,Not Found
1978467,None,Not Found
7041517,None,Not Found
9805596,None,Not Found
25448776,None,Not Found
7948057,None,Not Found
23320487,None,Not Found
11596851,None,Not Found
17894044,None,Not Found
7946235,None,Not Found
18779774,None,Not Found
28040825,None,Not Found
7011469,None,Not Found
26114240,NCT01469039,Phase 3
7604142,None,Not Found
26717533,NCT01104766,Phase 3
12454554,None,Not Found
4571196,None,Not Found
12716235,None,Not Found
23410710,NCT00177905,Not Found
9248870,None,Not Found
24035633,NCT00789698,Phase 3
34264701,NCT02469233,Not Found
8787036,None,Not Found
21829903,None,Not Found
19731968,None,Not Found
7982695,None,Not Found
22020350,None,Not Found
24346811,None,Not Found
15830401,None,Not Found
18004121,None,Not Found
27094189,None,Not Found
19547808,None,Not Found
19510,None,Not Found
15665755,None,Not Found
15978839,None,Not Found
10333165,None,Not Found
7912819,None,Not Found
377155,None,Not Found
23415311,None,Not Found
29351861,None,Not Found
11205425,None,Not Found
10639689,None,Not Found
15591855,None,Not Found
1090427,None,Not Found
18804218,None,Not Found
28300948,None,Not Found
9583001,None,Not Found
27821210,NCT01617187,Phase 3
22161738,None,Not Found
8601552,None,Not Found
5066,None,Not Found
28133766,None,Not Found
6133287,None,Not Found
21697947,None,Not Found
10424639,None,Not Found
19505799,None,Not Found
20964499,NCT00534573,Phase 3
1365044,None,Not Found
9701718,None,Not Found
7862945,None,Not Found
7032224,None,Not Found
32433835,NCT03345979,Phase 3
36088834,None,Not Found
9657237,None,Not Found
17076982,None,Not Found
17038872,None,Not Found
28235531,None,Not Found
15289699,None,Not Found
23663091,NCT01432444,Phase 3
16816018,None,Not Found
33069317,NCT01446328,Phase 4
15009822,None,Not Found
10732800,None,Not Found
1978472,None,Not Found
18824331,None,Not Found
34420532,None,Not Found
12042200,None,Not Found
6146995,None,Not Found
1978481,None,Not Found
12363115,None,Not Found
814106,None,Not Found
15257064,None,Not Found
29729687,None,Not Found
11235922,None,Not Found
10197540,None,Not Found
11695951,None,Not Found
19825908,None,Not Found
30111298,NCT03528278,Not Found
17502775,None,Not Found
31775518,None,Not Found
36178716,NCT04223336,Not Found
11489611,None,Not Found
17502776,None,Not Found
1975448,None,Not Found
12649769,None,Not Found
26896958,None,Not Found
31881407,None,Not Found
19224107,None,Not Found
15707912,None,Not Found
21042323,None,Not Found
16624578,None,Not Found
27780336,NCT01487668,Not Found
21641002,None,Not Found
25083802,None,Not Found
16122944,None,Not Found
24882173,NCT00695552,Not Found
29121882,NCT02619318,Not Found
3048975,None,Not Found
10934904,None,Not Found
7775219,None,Not Found
12482071,None,Not Found
24211840,None,Not Found
26969299,NCT01470781,Not Found
27045451,None,Not Found
8633687,None,Not Found
12816885,None,Not Found
25462140,None,Not Found
26784704,NCT00049738,Not Found
15919182,None,Not Found
22032743,None,Not Found
21494051,None,Not Found
23981710,None,Not Found
21154218,None,Not Found
31994476,None,Not Found
9798071,None,Not Found
14696724,None,Not Found
15202624,None,Not Found
16965604,None,Not Found
30548375,None,Not Found
16350658,None,Not Found
12544379,None,Not Found
30278853,None,Not Found
16805862,None,Not Found
15917482,None,Not Found
26147943,None,Not Found
15094516,None,Not Found
29106693,None,Not Found
23343450,None,Not Found
23820464,None,Not Found
7775222,None,Not Found
27737649,NCT01431092,Phase 4
29059417,None,Not Found
15102120,None,Not Found
21665534,None,Not Found
11016076,None,Not Found
34766913,NCT04068467,Not Found
17284127,NCT00283179,Phase 3
11320158,None,Not Found
28919130,None,Not Found
18929612,None,Not Found
30948581,None,Not Found
27743547,None,Not Found
19656432,None,Not Found
17884351,None,Not Found
16012279,None,Not Found
22915730,NCT00700089,Phase 4
26987871,None,Not Found
29045770,NCT01470781,Not Found
24508648,None,Not Found
33994515,None,Not Found
33099054,None,Not Found
14683712,None,Not Found
31987998,None,Not Found
27835719,NCT00420823,Phase 3
10416728,None,Not Found
25043337,None,Not Found
25532865,None,Not Found
29744804,None,Not Found
21029143,None,Not Found
31531959,None,Not Found
12823075,None,Not Found
35779328,None,Not Found
25398434,None,Not Found
31917897,None,Not Found
8426176,None,Not Found
18544469,None,Not Found
9802123,None,Not Found
9861577,None,Not Found
15969913,None,Not Found
27768984,None,Not Found
30795490,None,Not Found
33632347,None,Not Found
33740922,NCT03870893,Not Found
15342438,None,Not Found
24331898,None,Not Found
36399899,None,Not Found
19734016,None,Not Found
9194005,None,Not Found
15956995,None,Not Found
30322824,None,Not Found
27554197,None,Not Found
15450787,None,Not Found
11291999,None,Not Found
7896672,None,Not Found
25053650,None,Not Found
32788150,None,Not Found
27054571,None,Not Found
8598756,None,Not Found
28388932,None,Not Found
9401424,None,Not Found
10404707,None,Not Found
21256925,None,Not Found
10520732,None,Not Found
16148323,None,Not Found
16037481,None,Not Found
32321387,None,Not Found
26818528,None,Not Found
32473275,None,Not Found
20971512,None,Not Found
8938814,None,Not Found
21294997,NCT00369577,Phase 2
29404931,None,Not Found
3541830,None,Not Found
30185793,None,Not Found
29017067,NCT00488618,Phase 2
16553529,None,Not Found
23223385,None,Not Found
27187893,None,Not Found
30343187,None,Not Found
34215235,NCT01570712,Not Found
12611748,None,Not Found
12014643,None,Not Found
16120074,None,Not Found
21772062,None,Not Found
19515535,None,Not Found
36343472,None,Not Found
28829051,None,Not Found
14735295,None,Not Found
35098659,None,Not Found
36638693,None,Not Found
35106719,NCT02738944,Not Found
16432682,None,Not Found
35290819,None,Not Found
18243335,None,Not Found
14683733,None,Not Found
29503230,None,Not Found
23322527,None,Not Found
24745666,NCT00889837,Phase 1
26388147,None,Not Found
32221654,NCT02152878,Phase 3
17885570,NCT00446238,Not Found
22595151,None,Not Found
28580888,None,Not Found
30139553,NCT01321177,Not Found
12091578,None,Not Found
8442962,None,Not Found
24100934,None,Not Found
21118746,None,Not Found
20350945,None,Not Found
35110300,NCT02299440,Phase 3
35103380,None,Not Found
22491790,None,Not Found
18185500,None,Not Found
29641834,NCT01407094,Phase 2
26865254,NCT02308956,Phase 3
25409287,NCT00821678,Phase 4
11489617,None,Not Found
17825699,None,Not Found
29284438,None,Not Found
23843566,None,Not Found
36703162,None,Not Found
21106618,None,Not Found
30304442,None,Not Found
12880801,None,Not Found
29962359,None,Not Found
28252881,NCT01473615,Not Found
26069034,NCT01314001,Phase 3
31280757,None,Not Found
32530472,NCT02127671,Not Found
31606244,None,Not Found
34090255,NCT01920555,Phase 2
28651526,NCT03004521,Phase 4
30403402,None,Not Found
31733455,None,Not Found
